{"Hello": {"mean": [0.0, 0.0, 0.0, 0.0, 49.15495652173911, 32.53123913043477, 66.3141739130435, -0.6597608695652174, -1.796673913043478, 9.626891304347835], "std": [12.0, 12.0, 12.0, 12.0, 48.26646020592133, 66.60656964365336, 35.766521657762304, 63.831637683395805, 60.19197822051624, 84.50446526960712]}, "I": {"mean": [0.0, 0.0, 0.0, 0.0, 18.12079575596817, 76.58151193633952, 11.093633952254626, -2.5151724137931053, 5.160450928381967, 2.9548806366047744], "std": [12.0, 12.0, 12.0, 12.0, 53.5845466464548, 58.21526374786084, 70.56538864612654, 59.94453061561564, 75.71707923106882, 75.21996356496514]}, "AM": {"mean": [0.0, 0.0, 0.0, 0.0, 53.45604430379746, 24.19550632911391, 46.34759493670886, -2.297594936708861, -18.02458860759493, -5.421107594936705], "std": [12.0, 12.0, 12.0, 12.0, 52.81106164253074, 52.666093036397, 89.24518715440766, 64.18976758954875, 131.48088133230635, 77.69479342586372]}, "YASH": {"mean": [0.0, 0.0, 0.0, 0.0, -1.058061224489796, 80.77829931972792, -6.487993197278916, -1.6270068027210884, 8.001360544217683, 6.509353741496593], "std": [12.0, 12.0, 12.0, 12.0, 37.93534357283799, 68.16277416465098, 70.65894822204845, 64.32782308286664, 72.2439154252773, 76.20220299951174]}, "We": {"mean": [0.0, 0.0, 0.0, 0.0, 43.31230769230769, 40.891449704142026, -22.30139053254438, 4.399319526627225, -18.751183431952665, -20.495532544378705], "std": [12.0, 12.0, 12.0, 12.0, 42.171165385348615, 49.80770957780514, 81.82330811239702, 117.24048152075504, 77.1807202710218, 68.30442685345693]}, "TEAM": {"mean": [0.0, 0.0, 0.0, 0.0, 67.03438650306747, 21.233926380368075, 51.41481595092024, -12.011441717791408, -8.252484662576682, -1.3340490797546003], "std": [12.0, 12.0, 12.0, 12.0, 42.3651476953805, 50.92614449279988, 69.67391429404458, 69.58665282960771, 96.5081376647037, 67.815526119509]}, "Fsociety": {"mean": [0.0, 0.0, 0.0, 0.0, 74.33636065573769, 35.246229508196706, 46.28091803278688, 2.020622950819672, 0.5170491803278693, -1.7180983606557383], "std": [12.0, 12.0, 12.0, 12.0, 47.005444918873515, 53.241248600294085, 39.1867916786841, 104.84705931555587, 93.0367463287795, 83.48666135576345]}, "Good": {"mean": [0.0, 0.0, 0.0, 0.0, 56.589035532994956, 23.759593908629437, 72.17652284263953, -3.1701776649746205, 2.2634517766497484, 0.22563451776649762], "std": [12.0, 12.0, 12.0, 12.0, 41.51960803365563, 30.869739488477528, 45.64229731861134, 32.99697027259727, 52.93362881275821, 31.889078660865568]}, "Thankyou": {"mean": [0.0, 0.0, 0.0, 0.0, 71.70640668523677, 44.213203342618385, 12.871838440111427, -1.5258495821727025, 9.606880222841237, 5.953565459610031], "std": [12.0, 12.0, 12.0, 12.0, 45.925623994426545, 31.049074551553147, 64.80190337970649, 44.88375183254821, 67.19254448122102, 56.838909412644654]}}